Survey Year,UNITID,Institution Name,State CD,Classification Name,Classification Other,Sanction Code,Sanction Name,Male Undergraduates,Female Undergraduates,Total Undergraduates,Men's Team Average Annual Institutional Salary per Head Coach,Men's Team Number of Head Coaches Included in Average,Men's Team Average Annual Institutional Salary per FTE,Men's Team Number of FTEs Included in Average, Women's Team Average Annual Institutional Salary per Head Coach,Women's Team Number of Head Coaches Included in Average,Women's Team Average Annual Institutional Salary per FTE,Women's Team Number of FTEs Included in Average, Coed Team Average Annual Institutional Salary per Head Coach,Coed Team Number of Head Coaches Included in Average,Coed Team Average Annual Institutional Salary per FTE,Coed Team Number of FTEs Included in Average
2003,152992,Briar Cliff University,IA,NAIA Division II,,2,NAIA,412,376,788,13719,7,32011,3.00,10912,6,27055,2.42,,,,
2003,153001,Buena Vista University,IA,NCAA Division III with football,,1,NCAA,544,979,1523,15066,9,42506,3.19,11544,8,39807,2.32,,,,
2003,153108,Central College,IA,NCAA Division III with football,,1,NCAA,573,603,1176,21000,9,43852,4.31,17113,8,37508,3.65,,,,
2003,153126,Clarke University,IA,NAIA Division I,,2,NAIA,251,481,732,13587,7,38820,2.45,9163,7,26180,2.45,,,,
2003,153144,Coe College,IA,NCAA Division III with football,,1,NCAA,552,753,1305,24304,10,51711,4.70,15963,9,42886,3.35,,,,
2003,153162,Cornell College,IA,NCAA Division III with football,,1,NCAA,489,484,973,19507,8,44587,3.50,14452,7,33721,3.00,,,,
2003,153250,Dordt College,IA,NAIA Division II,,2,NAIA,721,646,1367,8398,7,39191,1.50,8398,7,39191,1.50,,,,
2003,153269,Drake University,IA,NCAA Division I-FCS,,1,NCAA,1313,1778,3091,77145,7,102860,5.25,55428,8,65692,6.75,,,,
2003,153320,Faith Baptist Bible College and Theological Seminary,IA,NCCAA Division II,,4,NCCAA,88,106,194,3300,2,6600,1.00,3300,3,9900,1.00,,,,
2003,153366,Graceland University-Lamoni,IA,NAIA Division II,,2,NAIA,514,652,1166,15828,9,38089,3.74,16322,8,46304,2.82,,,,
2003,153375,Grand View University,IA,NAIA Division II,,2,NAIA,746,897,1643,17642,4,35284,2.00,18285,6,31346,3.50,,,,
2003,153384,Grinnell College,IA,NCAA Division III with football,,1,NCAA,743,910,1653,18537,10,55667,3.33,18154,10,54517,3.33,,,,
2003,153603,Iowa State University,IA,NCAA Division I-FBS,,1,NCAA,16457,12334,28791,377003,5,377003,5.00,112219,9,112219,9.00,,,,
2003,153621,Iowa Wesleyan University,IA,NCAA Division III with football,,1,NCAA,237,242,479,23564,6,32880,4.30,20417,6,37693,3.25,,,,
2003,153825,Loras College,IA,NCAA Division III with football,,1,NCAA,731,669,1400,16651,10,23787,7.00,13064,9,19596,6.00,,,,
2003,153834,Luther College,IA,NCAA Division III with football,,1,NCAA,943,1164,2107,17150,9,42756,3.61,13503,8,42033,2.57,,,,
2003,154004,Morningside College,IA,NAIA Division II,,2,NAIA,596,697,1293,26086,8,43934,4.75,19572,8,31315,5.00,,,,
2003,154013,Mount Mercy University,IA,NAIA Division I,,2,NAIA,346,700,1046,12350,5,30122,2.05,8501,6,26157,1.95,,,,
2003,154101,Northwestern College,IA,NAIA Division II,,2,NAIA,455,586,1041,12577,8,35058,2.87,9615,7,29913,2.25,,,,
2003,154235,Saint Ambrose University,IA,NAIA Division II,,2,NAIA,950,1237,2187,13316,8,26632,4.00,7375,8,18154,3.25,,,,
2003,154350,Simpson College,IA,NCAA Division III with football,,1,NCAA,605,774,1379,17209,9,54344,2.85,11271,9,35468,2.86,,,,
2003,153278,University of Dubuque,IA,NCAA Division III with football,,1,NCAA,1035,644,1679,22048,9,22048,9.00,15762,7,15762,7.00,,,,
2003,153658,University of Iowa,IA,NCAA Division I-FBS,,1,NCAA,9801,10889,20690,290231,9,307303,8.50,90442,11,90442,11.00,,,,
2003,154095,University of Northern Iowa,IA,NCAA Division I-FCS,,1,NCAA,3856,5263,9119,100516,6,123081,4.90,68514,8,83047,6.60,,,,
2003,154493,Upper Iowa University,IA,NCAA Division II with football,,1,NCAA,878,1346,2224,30362,8,30362,8.00,22906,8,22906,8.00,,,,
2003,154518,Waldorf University,IA,NAIA Division II,,2,NAIA,867,546,1413,9600,6,32179,1.79,10100,5,36071,1.40,,,,
2003,154527,Wartburg College,IA,NCAA Division III with football,,1,NCAA,686,747,1433,23933,8,51608,3.71,16700,7,41900,2.79,,,,
2003,154590,William Penn University,IA,NAIA Division I,,2,NAIA,613,498,1111,32087,7,44041,5.10,21681,5,30973,3.50,,,,
2004,152992,Briar Cliff University,IA,NAIA Division II,,2,NAIA,412,376,788,13573,7,30067,3.16,10830,6,23629,2.75,,,,
2004,153001,Buena Vista University,IA,NCAA Division III with football,,1,NCAA,544,979,1523,27657,8,57769,3.83,22765,7,58159,2.74,,,,
2004,153108,Central College,IA,NCAA Division III with football,,1,NCAA,573,603,1176,20218,9,42219,4.31,18719,8,40916,3.66,,,,
2004,153126,Clarke University,IA,NAIA Division I,,2,NAIA,251,481,732,16067,7,41501,2.71,11021,7,28468,2.71,,,,
2004,153144,Coe College,IA,NCAA Division III with football,,1,NCAA,552,753,1305,27928,11,61442,5.00,18274,10,51476,3.55,,,,
2004,153162,Cornell College,IA,NCAA Division III with football,,1,NCAA,489,484,973,22821,8,48685,3.75,15569,7,36328,3.00,,,,
2004,153250,Dordt College,IA,NAIA Division II,,2,NAIA,721,646,1367,5845,7,27277,1.50,5845,7,27277,1.50,,,,
2004,153269,Drake University,IA,NCAA Division I-FCS,,1,NCAA,1313,1778,3091,74424,7,104194,5.00,57308,8,67921,6.75,,,,
2004,153302,Emmaus Bible College,IA,Other,ACCA and MCCC,9,other,99,131,230,2500,1,20833,0.12,2000,1,16667,0.12,,,,
2004,153320,Faith Baptist Bible College and Theological Seminary,IA,NCCAA Division II,,4,NCCAA,88,106,194,3300,2,17368,0.38,3300,3,19412,0.51,,,,
2004,153366,Graceland University-Lamoni,IA,NAIA Division II,,2,NAIA,514,652,1166,18149,9,44266,3.69,17560,8,49816,2.82,,,,
2004,153375,Grand View University,IA,NAIA Division II,,2,NAIA,746,897,1643,18543,5,31971,2.90,19060,7,35579,3.75,,,,
2004,153384,Grinnell College,IA,NCAA Division III with football,,1,NCAA,743,910,1653,22233,10,31761,7.00,19409,10,27727,7.00,,,,
2004,153603,Iowa State University,IA,NCAA Division I-FBS,,1,NCAA,16457,12334,28791,395666,5,395666,5.00,118220,9,118220,9.00,,,,
2004,153621,Iowa Wesleyan University,IA,NCAA Division III with football,,1,NCAA,237,242,479,23564,6,32880,4.30,20416,6,37691,3.25,,,,
2004,153825,Loras College,IA,NCAA Division III with football,,1,NCAA,731,669,1400,22057,10,58662,3.76,17287,9,42743,3.64,,,,
2004,153834,Luther College,IA,NCAA Division III with football,,1,NCAA,943,1164,2107,18279,9,46211,3.56,13361,8,41269,2.59,,,,
2004,154004,Morningside College,IA,NAIA Division II,,2,NAIA,596,697,1293,23150,10,33071,7.00,17802,10,22252,8.00,,,,
2004,154013,Mount Mercy University,IA,NAIA Division I,,2,NAIA,346,700,1046,6100,6,17854,2.05,6400,7,22974,1.95,,,,
2004,154101,Northwestern College,IA,NAIA Division II,,2,NAIA,455,586,1041,11835,8,37276,2.54,7330,7,26724,1.92,,,,
2004,154235,Saint Ambrose University,IA,NAIA Division II,,2,NAIA,950,1237,2187,14366,8,28732,4.00,7110,8,18960,3.00,,,,
2004,154350,Simpson College,IA,NCAA Division III with football,,1,NCAA,605,774,1379,18950,9,52639,3.24,11546,9,35225,2.95,,,,
2004,153278,University of Dubuque,IA,NCAA Division III with football,,1,NCAA,1035,644,1679,24798,9,24798,9.00,13885,7,13885,7.00,,,,
2004,153658,University of Iowa,IA,NCAA Division I-FBS,,1,NCAA,9801,10889,20690,385879,9,434114,8.00,126195,11,132204,10.50,,,,
2004,154095,University of Northern Iowa,IA,NCAA Division I-FCS,,1,NCAA,3856,5263,9119,108393,6,132726,4.90,68250,8,82727,6.60,,,,
2004,154493,Upper Iowa University,IA,NCAA Division II with football,,1,NCAA,878,1346,2224,40653,6,48784,5.00,31271,5,39089,4.00,,,,
2004,154518,Waldorf University,IA,NAIA Division II,,2,NAIA,867,546,1413,9792,6,32822,1.79,10302,5,36793,1.40,,,,
2004,154527,Wartburg College,IA,NCAA Division III with football,,1,NCAA,686,747,1433,31850,9,72386,3.96,19982,8,54373,2.94,,,,
2004,154590,William Penn University,IA,NAIA Division I,,2,NAIA,613,498,1111,22430,8,41730,4.30,20528,6,34213,3.60,,,,
2005,152992,Briar Cliff University,IA,NAIA Division II,,2,NAIA,412,376,788,14080,7,37908,2.60,10546,7,30131,2.45,,,,
2005,153001,Buena Vista University,IA,NCAA Division III with football,,1,NCAA,544,979,1523,21579,8,43266,3.99,18307,7,41338,3.10,,,,
2005,153108,Central College,IA,NCAA Division III with football,,1,NCAA,573,603,1176,20982,9,43814,4.31,19157,8,41873,3.66,,,,
2005,153126,Clarke University,IA,NAIA Division I,,2,NAIA,251,481,732,17361,8,47728,2.91,13427,8,36913,2.91,,,,
2005,153144,Coe College,IA,NCAA Division III with football,,1,NCAA,552,753,1305,28629,10,54017,5.30,19942,9,47231,3.80,,,,
2005,153162,Cornell College,IA,NCAA Division III with football,,1,NCAA,489,484,973,30949,8,58257,4.25,16841,8,44909,3.00,,,,
2005,153250,Dordt College,IA,NAIA Division II,,2,NAIA,721,646,1367,6137,7,28639,1.50,6137,7,28639,1.50,,,,
2005,153269,Drake University,IA,NCAA Division I-FCS,,1,NCAA,1313,1778,3091,69566,7,92755,5.25,55219,9,68548,7.25,,,,
2005,153302,Emmaus Bible College,IA,Other,ACCA and MCCC,9,other,99,131,230,1000,1,1667,0.60,1000,1,1667,0.60,,,,
2005,153320,Faith Baptist Bible College and Theological Seminary,IA,NCCAA Division II,,4,NCCAA,88,106,194,3500,2,7000,1.00,3500,3,5250,2.00,,,,
2005,153366,Graceland University-Lamoni,IA,NAIA Division II,,2,NAIA,514,652,1166,16402,9,36359,4.06,13051,8,37967,2.75,,,,
2005,153375,Grand View University,IA,NAIA Division II,,2,NAIA,746,897,1643,17703,5,32187,2.75,22492,7,34988,4.50,,,,
2005,153384,Grinnell College,IA,NCAA Division III with football,,1,NCAA,743,910,1653,23306,10,33294,7.00,20353,10,29076,7.00,,,,
2005,153603,Iowa State University,IA,NCAA Division I-FBS,,1,NCAA,16457,12334,28791,439350,5,439350,5.00,123556,9,123556,9.00,,,,
2005,153621,Iowa Wesleyan University,IA,NCAA Division III with football,,1,NCAA,237,242,479,33653,6,57856,3.49,37052,6,65194,3.41,,,,
2005,153825,Loras College,IA,NCAA Division III with football,,1,NCAA,731,669,1400,23575,9,52649,4.03,16129,8,38175,3.38,,,,
2005,153834,Luther College,IA,NCAA Division III with football,,1,NCAA,943,1164,2107,32277,10,72208,4.47,21721,9,59419,3.29,,,,
2005,154004,Morningside College,IA,NAIA Division II,,2,NAIA,596,697,1293,28756,9,43134,6.00,27082,8,39392,5.50,,,,
2005,154013,Mount Mercy University,IA,NAIA Division I,,2,NAIA,346,700,1046,12497,6,37491,2.00,8856,7,30996,2.00,,,,
2005,154101,Northwestern College,IA,NAIA Division II,,2,NAIA,455,586,1041,17937,8,45992,3.12,13253,7,36098,2.57,,,,
2005,154235,Saint Ambrose University,IA,NAIA Division II,,2,NAIA,950,1237,2187,14783,8,29566,4.00,9240,8,24640,3.00,,,,
2005,154350,Simpson College,IA,NCAA Division III with football,,1,NCAA,605,774,1379,20751,9,51307,3.64,13487,9,35286,3.44,,,,
2005,153278,University of Dubuque,IA,NCAA Division III with football,,1,NCAA,1035,644,1679,26145,9,29413,8.00,22508,7,31511,5.00,,,,
2005,153658,University of Iowa,IA,NCAA Division I-FBS,,1,NCAA,9801,10889,20690,592076,9,666086,8.00,137713,11,144271,10.50,,,,
2005,154095,University of Northern Iowa,IA,NCAA Division I-FCS,,1,NCAA,3856,5263,9119,129465,6,164226,4.73,70937,8,88810,6.39,,,,
2005,154493,Upper Iowa University,IA,NCAA Division II with football,,1,NCAA,878,1346,2224,38591,6,46309,5.00,29874,5,37342,4.00,,,,
2005,154518,Waldorf University,IA,NAIA Division II,,2,NAIA,867,546,1413,9792,6,32822,1.79,10302,5,36793,1.40,,,,
2005,154527,Wartburg College,IA,NCAA Division III with football,,1,NCAA,686,747,1433,23503,9,54942,3.85,15283,8,42601,2.87,,,,
2005,154590,William Penn University,IA,NAIA Division I,,2,NAIA,613,498,1111,23369,8,42012,4.45,22403,6,34030,3.95,,,,
2006,152992,Briar Cliff University,IA,NAIA Division II,,2,NAIA,412,376,788,15567,7,41911,2.60,12193,7,34837,2.45,,,,
2006,153001,Buena Vista University,IA,NCAA Division III with football,,1,NCAA,544,979,1523,34080,8,63111,4.32,28550,7,63646,3.14,,,,
2006,153108,Central College,IA,NCAA Division III with football,,1,NCAA,573,603,1176,28395,9,49622,5.15,25281,8,46494,4.35,,,,
2006,153126,Clarke University,IA,NAIA Division I,,2,NAIA,251,481,732,14947,8,42554,2.81,12457,8,38928,2.56,,,,
2006,153144,Coe College,IA,NCAA Division III with football,,1,NCAA,552,753,1305,59441,10,112153,5.30,47870,9,113376,3.80,,,,
2006,153162,Cornell College,IA,NCAA Division III with football,,1,NCAA,489,484,973,32857,9,59143,5.00,24303,7,42530,4.00,,,,
2006,153250,Dordt College,IA,NAIA Division II,,2,NAIA,721,646,1367,6321,7,10535,4.20,6321,7,10535,4.20,,,,
2006,153269,Drake University,IA,NCAA Division I-FCS,,1,NCAA,1313,1778,3091,57195,6,68634,5.00,45184,8,54768,6.60,,,,
2006,153302,Emmaus Bible College,IA,Other,ACCA and MCCC,9,other,99,131,230,0,0,,0.00,0,0,,0.00,,,,
2006,153320,Faith Baptist Bible College and Theological Seminary,IA,NCCAA Division II,,4,NCCAA,88,106,194,3600,3,13012,0.83,3650,2,12586,0.58,,,,
2006,153366,Graceland University-Lamoni,IA,NAIA Division II,,2,NAIA,514,652,1166,17025,10,37833,4.50,16283,9,35743,4.10,,,,
2006,153375,Grand View University,IA,NAIA Division II,,2,NAIA,746,897,1643,26028,5,41314,3.15,28460,6,42690,4.00,,,,
2006,153384,Grinnell College,IA,NCAA Division III with football,,1,NCAA,743,910,1653,24089,9,72997,2.97,21309,9,64573,2.97,,,,
2006,153603,Iowa State University,IA,NCAA Division I-FBS,,1,NCAA,16457,12334,28791,430267,5,430267,5.00,130076,9,130076,9.00,,,,
2006,153621,Iowa Wesleyan University,IA,NCAA Division III with football,,1,NCAA,237,242,479,45410,6,65812,4.14,37207,6,63602,3.51,,,,
2006,153825,Loras College,IA,NCAA Division III with football,,1,NCAA,731,669,1400,28957,9,60891,4.28,23949,8,45080,4.25,,,,
2006,153834,Luther College,IA,NCAA Division III with football,,1,NCAA,943,1164,2107,32569,9,65575,4.47,21742,8,53191,3.27,,,,
2006,154004,Morningside College,IA,NAIA Division II,,2,NAIA,596,697,1293,32497,9,53177,5.50,24632,8,35828,5.50,,,,
2006,154013,Mount Mercy University,IA,NAIA Division I,,2,NAIA,346,700,1046,14997,5,37493,2.00,8675,6,26025,2.00,,,,
2006,154101,Northwestern College,IA,NAIA Division II,,2,NAIA,455,586,1041,18010,8,44745,3.22,15054,7,38043,2.77,,,,
2006,154235,Saint Ambrose University,IA,NAIA Division II,,2,NAIA,950,1237,2187,15996,8,35060,3.65,11591,7,24965,3.25,,,,
2006,154350,Simpson College,IA,NCAA Division III with football,,1,NCAA,605,774,1379,21430,9,48097,4.01,14418,9,36656,3.54,,,,
2006,153278,University of Dubuque,IA,NCAA Division III with football,,1,NCAA,1035,644,1679,29829,8,34090,7.00,22150,7,31010,5.00,,,,
2006,153658,University of Iowa,IA,NCAA Division I-FBS,,1,NCAA,9801,10889,20690,586395,9,659694,8.00,157228,11,164715,10.50,,,,
2006,154095,University of Northern Iowa,IA,NCAA Division I-FCS,,1,NCAA,3856,5263,9119,123804,6,160437,4.63,75996,8,91838,6.62,,,,
2006,154493,Upper Iowa University,IA,NCAA Division II with football,,1,NCAA,878,1346,2224,41241,6,49489,5.00,29512,6,35414,5.00,,,,
2006,154518,Waldorf University,IA,NAIA Division II,,2,NAIA,867,546,1413,9988,6,36101,1.66,10508,5,25019,2.10,,,,
2006,154527,Wartburg College,IA,NCAA Division III with football,,1,NCAA,686,747,1433,23731,9,53129,4.02,16402,8,40127,3.27,,,,
2006,154590,William Penn University,IA,NAIA Division I,,2,NAIA,613,498,1111,24613,7,42022,4.10,26693,5,33366,4.00,,,,
2007,152992,Briar Cliff University,IA,NAIA Division II,,2,NAIA,412,376,788,20708,7,48807,2.97,12690,7,42913,2.07,,,,
2007,153001,Buena Vista University,IA,NCAA Division III with football,,1,NCAA,544,979,1523,27695,8,43189,5.13,25461,7,44116,4.04,,,,
2007,153108,Central College,IA,NCAA Division III with football,,1,NCAA,573,603,1176,29372,10,62761,4.68,23046,9,62853,3.30,,,,
2007,153126,Clarke University,IA,NAIA Division I,,2,NAIA,251,481,732,17792,6,33570,3.18,14131,7,32326,3.06,,,,
2007,153144,Coe College,IA,NCAA Division III with football,,1,NCAA,552,753,1305,29634,10,54374,5.45,19283,9,43936,3.95,,,,
2007,153162,Cornell College,IA,NCAA Division III with football,,1,NCAA,489,484,973,32985,10,44275,7.45,26756,9,37334,6.45,,,,
2007,153250,Dordt College,IA,NAIA Division II,,2,NAIA,721,646,1367,6511,7,10852,4.20,6511,7,10852,4.20,,,,
2007,153269,Drake University,IA,NCAA Division I-FCS,,1,NCAA,1313,1778,3091,61752,6,74102,5.00,54144,8,61879,7.00,,,,
2007,153302,Emmaus Bible College,IA,Other,ACCA and MCCC,9,other,99,131,230,3000,1,10345,0.29,3000,1,10345,0.29,,,,
2007,153320,Faith Baptist Bible College and Theological Seminary,IA,NCCAA Division II,,4,NCCAA,88,106,194,2933,3,10601,0.83,3650,3,18879,0.58,,,,
2007,153366,Graceland University-Lamoni,IA,NAIA Division II,,2,NAIA,514,652,1166,19329,10,40102,4.82,15675,9,43142,3.27,,,,
2007,153375,Grand View University,IA,NAIA Division II,,2,NAIA,746,897,1643,26808,5,42552,3.15,27302,6,40953,4.00,,,,
2007,153384,Grinnell College,IA,NCAA Division III with football,,1,NCAA,743,910,1653,24314,10,85312,2.85,21938,10,80066,2.74,,,,
2007,153603,Iowa State University,IA,NCAA Division I-FBS,,1,NCAA,16457,12334,28791,433500,5,481667,4.50,137893,9,146004,8.50,,,,
2007,153621,Iowa Wesleyan University,IA,NCAA Division III with football,,1,NCAA,237,242,479,27800,6,40290,4.14,23667,5,35536,3.33,,,,
2007,153825,Loras College,IA,NCAA Division III with football,,1,NCAA,731,669,1400,33448,9,62068,4.85,23672,8,50500,3.75,,,,
2007,153834,Luther College,IA,NCAA Division III with football,,1,NCAA,943,1164,2107,31703,10,70924,4.47,21388,9,53175,3.62,,,,
2007,154004,Morningside College,IA,NAIA Division II,,2,NAIA,596,697,1293,35532,9,49198,6.50,29733,8,43248,5.50,,,,
2007,154013,Mount Mercy University,IA,NAIA Division I,,2,NAIA,346,700,1046,16925,6,40620,2.50,11415,6,34245,2.00,,,,
2007,154101,Northwestern College,IA,NAIA Division II,,2,NAIA,455,586,1041,21456,8,47286,3.63,15780,7,38622,2.86,,,,
2007,154235,Saint Ambrose University,IA,NAIA Division II,,2,NAIA,950,1237,2187,17544,8,38453,3.65,13850,7,29831,3.25,,,,
2007,154350,Simpson College,IA,NCAA Division III with football,,1,NCAA,605,774,1379,22205,9,49102,4.07,14945,9,39794,3.38,,,,
2007,153278,University of Dubuque,IA,NCAA Division III with football,,1,NCAA,1035,644,1679,36374,8,48499,6.00,27487,7,34983,5.50,,,,
2007,153658,University of Iowa,IA,NCAA Division I-FBS,,1,NCAA,9801,10889,20690,582595,9,616865,8.50,155800,11,163219,10.50,,,,
2007,154095,University of Northern Iowa,IA,NCAA Division I-FCS,,1,NCAA,3856,5263,9119,131523,6,170440,4.63,72798,8,87973,6.62,,,,
2007,154493,Upper Iowa University,IA,NCAA Division II with football,,1,NCAA,878,1346,2224,42818,6,51382,5.00,29782,6,35738,5.00,,,,
2007,154518,Waldorf University,IA,NAIA Division II,,2,NAIA,867,546,1413,9988,6,26056,2.30,10507,5,35023,1.50,,,,
2007,154527,Wartburg College,IA,NCAA Division III with football,,1,NCAA,686,747,1433,25493,9,56373,4.07,19465,8,46904,3.32,,,,
2007,154590,William Penn University,IA,NAIA Division I,,2,NAIA,613,498,1111,32455,8,54661,4.75,24996,6,37494,4.00,,,,
2008,152992,Briar Cliff University,IA,NAIA Division II,,2,NAIA,412,376,788,24848,7,50563,3.44,19053,7,47975,2.78,,,,
2008,153001,Buena Vista University,IA,NCAA Division III with football,,1,NCAA,544,979,1523,27889,9,45637,5.50,21546,8,39716,4.34,,,,
2008,153108,Central College,IA,NCAA Division III with football,,1,NCAA,573,603,1176,27005,10,58707,4.60,17882,9,45592,3.53,,,,
2008,153126,Clarke University,IA,NAIA Division I,,2,NAIA,251,481,732,18169,6,37206,2.93,17380,6,35590,2.93,,,,
2008,153144,Coe College,IA,NCAA Division III with football,,1,NCAA,552,753,1305,31466,10,58270,5.40,20570,9,47469,3.90,,,,
2008,153162,Cornell College,IA,NCAA Division III with football,,1,NCAA,489,484,973,31337,10,53476,5.86,27679,9,45625,5.46,,,,
2008,153250,Dordt College,IA,NAIA Division II,,2,NAIA,721,646,1367,7112,8,13547,4.20,7112,7,11853,4.20,,,,
2008,153269,Drake University,IA,NCAA Division I-FCS,,1,NCAA,1313,1778,3091,81146,6,97375,5.00,50561,8,57784,7.00,,,,
2008,153302,Emmaus Bible College,IA,Other,ACCA and MCCC,9,other,99,131,230,3000,1,12000,0.25,3000,1,12000,0.25,,,,
2008,153320,Faith Baptist Bible College and Theological Seminary,IA,NCCAA Division II,,4,NCCAA,88,106,194,2933,3,23781,0.37,3600,3,26341,0.41,,,,
2008,153366,Graceland University-Lamoni,IA,NAIA Division II,,2,NAIA,514,652,1166,20773,10,53956,3.85,17821,9,56277,2.85,,,,
2008,153375,Grand View University,IA,NAIA Division II,,2,NAIA,746,897,1643,29100,9,48862,5.36,23676,8,41537,4.56,,,,
2008,153384,Grinnell College,IA,NCAA Division III with football,,1,NCAA,743,910,1653,24960,10,79744,3.13,22508,10,73797,3.05,,,,
2008,153603,Iowa State University,IA,NCAA Division I-FBS,,1,NCAA,16457,12334,28791,407421,5,452690,4.50,124253,9,131562,8.50,,,,
2008,153621,Iowa Wesleyan University,IA,NCAA Division III with football,,1,NCAA,237,242,479,22844,6,36453,3.76,26377,6,34405,4.60,,,,
2008,153825,Loras College,IA,NCAA Division III with football,,1,NCAA,731,669,1400,36380,9,63577,5.15,25289,8,53950,3.75,,,,
2008,153834,Luther College,IA,NCAA Division III with football,,1,NCAA,943,1164,2107,39925,10,83351,4.79,29735,9,67923,3.94,,,,
2008,154004,Morningside College,IA,NAIA Division II,,2,NAIA,596,697,1293,51278,9,73488,6.28,45644,8,69421,5.26,,,,
2008,154013,Mount Mercy University,IA,NAIA Division I,,2,NAIA,346,700,1046,20826,5,41652,2.50,15090,5,37725,2.00,,,,
2008,154101,Northwestern College,IA,NAIA Division II,,2,NAIA,455,586,1041,21961,8,46234,3.80,12554,8,32190,3.12,,,,
2008,154235,Saint Ambrose University,IA,NAIA Division II,,2,NAIA,950,1237,2187,17991,8,39432,3.65,14291,7,30781,3.25,,,,
2008,154350,Simpson College,IA,NCAA Division III with football,,1,NCAA,605,774,1379,19279,9,41116,4.22,14015,9,36882,3.42,,,,
2008,153278,University of Dubuque,IA,NCAA Division III with football,,1,NCAA,1035,644,1679,30322,9,41984,6.50,25207,8,36665,5.50,,,,
2008,153658,University of Iowa,IA,NCAA Division I-FBS,,1,NCAA,9801,10889,20690,645604,10,759534,8.50,191106,12,218407,10.50,,,,
2008,154095,University of Northern Iowa,IA,NCAA Division I-FCS,,1,NCAA,3856,5263,9119,111668,6,138146,4.85,52829,8,63842,6.62,,,,
2008,154493,Upper Iowa University,IA,NCAA Division II with football,,1,NCAA,878,1346,2224,45347,6,54416,5.00,30387,6,36464,5.00,,,,
2008,154518,Waldorf University,IA,NAIA Division II,,2,NAIA,867,546,1413,9988,6,26056,2.30,10507,5,35023,1.50,,,,
2008,154527,Wartburg College,IA,NCAA Division III with football,,1,NCAA,686,747,1433,26447,9,61824,3.85,19995,8,48181,3.32,,,,
2008,154590,William Penn University,IA,NAIA Division I,,2,NAIA,613,498,1111,36553,9,60922,5.40,24048,8,45267,4.25,,,,
2009,152992,Briar Cliff University,IA,NAIA Division II,,2,NAIA,412,376,788,22492,8,50686,3.55,18935,7,47678,2.78,,,,
2009,153001,Buena Vista University,IA,NCAA Division III with football,,1,NCAA,544,979,1523,27876,9,45865,5.47,20920,8,37950,4.41,,,,
2009,153108,Central College,IA,NCAA Division III with football,,1,NCAA,573,603,1176,25354,10,56975,4.45,17384,9,46289,3.38,,,,
2009,153126,Clarke University,IA,NAIA Division I,,2,NAIA,251,481,732,20354,6,34596,3.53,20398,6,34671,3.53,,,,
2009,153144,Coe College,IA,NCAA Division III with football,,1,NCAA,552,753,1305,25789,10,47757,5.40,16565,9,38227,3.90,,,,
2009,153162,Cornell College,IA,NCAA Division III with football,,1,NCAA,489,484,973,27287,10,44954,6.07,23088,9,40985,5.07,,,,
2009,153250,Dordt College,IA,NAIA Division II,,2,NAIA,721,646,1367,14400,7,40320,2.50,12125,6,36375,2.00,,,,
2009,153269,Drake University,IA,NCAA Division I-FCS,,1,NCAA,1313,1778,3091,83474,6,100169,5.00,52595,8,60109,7.00,,,,
2009,153302,Emmaus Bible College,IA,Other,ACCA and MCCC,9,other,99,131,230,2175,2,25588,0.17,2175,2,25588,0.17,,,,
2009,153320,Faith Baptist Bible College and Theological Seminary,IA,NCCAA Division II,,4,NCCAA,88,106,194,3922,2,35655,0.22,3781,3,37810,0.30,,,,
2009,153366,Graceland University-Lamoni,IA,NAIA Division II,,2,NAIA,514,652,1166,20770,10,55387,3.75,17895,9,58565,2.75,,,,
2009,153375,Grand View University,IA,NAIA Division II,,2,NAIA,746,897,1643,30381,9,51013,5.36,24450,8,42895,4.56,,,,
2009,153384,Grinnell College,IA,NCAA Division III with football,,1,NCAA,743,910,1653,24030,10,76773,3.13,19608,10,66020,2.97,,,,
2009,153603,Iowa State University,IA,NCAA Division I-FBS,,1,NCAA,16457,12334,28791,419712,5,466347,4.50,128189,9,135730,8.50,,,,
2009,153621,Iowa Wesleyan University,IA,NCAA Division III with football,,1,NCAA,237,242,479,22844,6,36453,3.76,26377,6,34405,4.60,,,,
2009,153825,Loras College,IA,NCAA Division III with football,,1,NCAA,731,669,1400,34681,9,62426,5.00,22923,8,50940,3.60,,,,
2009,153834,Luther College,IA,NCAA Division III with football,,1,NCAA,943,1164,2107,36931,10,76620,4.82,26391,9,59980,3.96,,,,
2009,154004,Morningside College,IA,NAIA Division II,,2,NAIA,596,697,1293,37503,9,55151,6.12,53162,8,83066,5.12,,,,
2009,154013,Mount Mercy University,IA,NAIA Division I,,2,NAIA,346,700,1046,21870,5,43740,2.50,16048,5,40120,2.00,,,,
2009,154101,Northwestern College,IA,NAIA Division II,,2,NAIA,455,586,1041,20900,8,42010,3.98,15530,8,37422,3.32,,,,
2009,154235,Saint Ambrose University,IA,NAIA Division II,,2,NAIA,950,1237,2187,18838,10,48303,3.90,15318,9,39389,3.50,,,,
2009,154350,Simpson College,IA,NCAA Division III with football,,1,NCAA,605,774,1379,21206,10,45900,4.62,17093,9,43828,3.51,,,,
2009,153278,University of Dubuque,IA,NCAA Division III with football,,1,NCAA,1035,644,1679,39466,9,50742,7.00,34118,8,45491,6.00,,,,
2009,153658,University of Iowa,IA,NCAA Division I-FBS,,1,NCAA,9801,10889,20690,589626,10,693678,8.50,153060,12,174926,10.50,,,,
2009,154095,University of Northern Iowa,IA,NCAA Division I-FCS,,1,NCAA,3856,5263,9119,165874,5,219410,3.78,54101,8,64695,6.69,,,,
2009,154493,Upper Iowa University,IA,NCAA Division II with football,,1,NCAA,878,1346,2224,46657,6,55988,5.00,31590,6,37908,5.00,,,,
2009,154518,Waldorf University,IA,NAIA Division II,,2,NAIA,867,546,1413,9988,6,26056,2.30,10507,5,35023,1.50,,,,
2009,154527,Wartburg College,IA,NCAA Division III with football,,1,NCAA,686,747,1433,27676,9,62427,3.99,22074,8,51186,3.45,,,,
2009,154590,William Penn University,IA,NAIA Division I,,2,NAIA,613,498,1111,31980,10,54203,5.90,22261,9,42179,4.75,,,,
2010,152992,Briar Cliff University,IA,NAIA Division II,,2,NAIA,412,376,788,25481,8,49719,4.10,20599,7,65542,2.20,,,,
2010,153001,Buena Vista University,IA,NCAA Division III with football,,1,NCAA,544,979,1523,36271,9,59678,5.47,31350,8,56871,4.41,,,,
2010,153108,Central College,IA,NCAA Division III with football,,1,NCAA,573,603,1176,26485,10,57576,4.60,19198,9,48671,3.55,,,,
2010,153126,Clarke University,IA,NAIA Division I,,2,NAIA,251,481,732,18483,7,36652,3.53,17768,7,35234,3.53,,,,
2010,153144,Coe College,IA,NCAA Division III with football,,1,NCAA,552,753,1305,32931,10,60983,5.40,22402,9,51697,3.90,,,,
2010,153162,Cornell College,IA,NCAA Division III with football,,1,NCAA,489,484,973,30934,10,49733,6.22,26675,9,45991,5.22,,,,
2010,153250,Dordt College,IA,NAIA Division II,,2,NAIA,721,646,1367,16773,7,48921,2.40,15404,7,49013,2.20,,,,
2010,153269,Drake University,IA,NCAA Division I-FCS,,1,NCAA,1313,1778,3091,88777,6,96848,5.50,54570,8,58208,7.50,,,,
2010,153302,Emmaus Bible College,IA,Other,ACCA and MCCC,9,other,99,131,230,1675,2,20938,0.16,1675,2,20938,0.16,,,,
2010,153320,Faith Baptist Bible College and Theological Seminary,IA,NCCAA Division II,,4,NCCAA,88,106,194,3922,2,35655,0.22,3781,3,37810,0.30,,,,
2010,153366,Graceland University-Lamoni,IA,NAIA Division II,,2,NAIA,514,652,1166,18981,10,57869,3.28,13118,9,49606,2.38,,,,
2010,153375,Grand View University,IA,NAIA Division II,,2,NAIA,746,897,1643,30830,10,51728,5.96,23319,9,44559,4.71,,,,
2010,153384,Grinnell College,IA,NCAA Division III with football,,1,NCAA,743,910,1653,24398,10,82426,2.96,21817,10,73706,2.96,,,,
2010,153603,Iowa State University,IA,NCAA Division I-FBS,,1,NCAA,16457,12334,28791,475500,5,528333,4.50,164556,9,174236,8.50,,,,
2010,153621,Iowa Wesleyan University,IA,NCAA Division III with football,,1,NCAA,237,242,479,25953,6,33560,4.64,18015,6,30883,3.50,,,,
2010,153825,Loras College,IA,NCAA Division III with football,,1,NCAA,731,669,1400,37590,9,69043,4.90,24516,8,50289,3.90,,,,
2010,153834,Luther College,IA,NCAA Division III with football,,1,NCAA,943,1164,2107,42037,10,83906,5.01,29726,9,67559,3.96,,,,
2010,154004,Morningside College,IA,NAIA Division II,,2,NAIA,596,697,1293,38734,9,53632,6.50,32515,8,47295,5.50,,,,
2010,154013,Mount Mercy University,IA,NAIA Division I,,2,NAIA,346,700,1046,20262,6,40524,3.00,14434,6,34642,2.50,,,,
2010,154101,Northwestern College,IA,NAIA Division II,,2,NAIA,455,586,1041,21450,8,42266,4.06,19882,8,44429,3.58,,,,
2010,154235,Saint Ambrose University,IA,NAIA Division II,,2,NAIA,950,1237,2187,21058,10,39361,5.35,17820,9,33764,4.75,,,,
2010,154350,Simpson College,IA,NCAA Division III with football,,1,NCAA,605,774,1379,20469,10,41604,4.92,16859,9,44496,3.41,,,,
2010,153278,University of Dubuque,IA,NCAA Division III with football,,1,NCAA,1035,644,1679,40125,9,48150,7.50,28694,8,38259,6.00,,,,
2010,153658,University of Iowa,IA,NCAA Division I-FBS,,1,NCAA,9801,10889,20690,654573,10,770086,8.50,165012,12,188585,10.50,,,,
2010,154095,University of Northern Iowa,IA,NCAA Division I-FCS,,1,NCAA,3856,5263,9119,174258,5,230500,3.78,63495,8,75928,6.69,,,,
2010,154493,Upper Iowa University,IA,NCAA Division II with football,,1,NCAA,878,1346,2224,51218,6,61462,5.00,35695,6,42834,5.00,,,,
2010,154518,Waldorf University,IA,NAIA Division II,,2,NAIA,867,546,1413,27038,8,30901,7.00,19750,8,22571,7.00,,,,
2010,154527,Wartburg College,IA,NCAA Division III with football,,1,NCAA,686,747,1433,29821,9,62127,4.32,23419,8,50636,3.70,,,,
2010,154590,William Penn University,IA,NAIA Division I,,2,NAIA,613,498,1111,33663,10,51789,6.50,23268,9,38075,5.50,,,,
2011,152992,Briar Cliff University,IA,NAIA Division II,,2,NAIA,412,376,788,24854,8,45814,4.34,25628,7,41915,4.28,,,,
2011,153001,Buena Vista University,IA,NCAA Division III with football,,1,NCAA,544,979,1523,38457,8,58601,5.25,33231,7,54733,4.25,,,,
2011,153108,Central College,IA,NCAA Division III with football,,1,NCAA,573,603,1176,26797,10,59155,4.53,19933,9,51256,3.50,,,,
2011,153126,Clarke University,IA,NAIA Division I,,2,NAIA,251,481,732,19218,7,38109,3.53,18536,7,36757,3.53,,,,
2011,153144,Coe College,IA,NCAA Division III with football,,1,NCAA,552,753,1305,35146,10,65085,5.40,23880,9,53730,4.00,,,,
2011,153162,Cornell College,IA,NCAA Division III with football,,1,NCAA,489,484,973,33250,8,36842,7.22,29465,7,33160,6.22,,,,
2011,153250,Dordt College,IA,NAIA Division II,,2,NAIA,721,646,1367,23853,7,55657,3.00,20298,7,56834,2.50,,,,
2011,153269,Drake University,IA,NCAA Division I-FCS,,1,NCAA,1313,1778,3091,89116,6,97217,5.50,57884,8,61743,7.50,,,,
2011,153302,Emmaus Bible College,IA,Other,ACCA and MCCC,9,other,99,131,230,2375,2,21591,0.22,2375,2,21591,0.22,,,,
2011,153320,Faith Baptist Bible College and Theological Seminary,IA,NCCAA Division II,,4,NCCAA,88,106,194,3922,2,16008,0.49,3781,3,17451,0.65,,,,
2011,153366,Graceland University-Lamoni,IA,NAIA Division II,,2,NAIA,514,652,1166,14273,10,36318,3.93,15133,9,40058,3.40,,,,
2011,153375,Grand View University,IA,NAIA Division II,,2,NAIA,746,897,1643,29941,12,51254,7.01,21830,10,46348,4.71,,,,
2011,153384,Grinnell College,IA,NCAA Division III with football,,1,NCAA,743,910,1653,25271,10,85375,2.96,22461,10,75882,2.96,,,,
2011,153603,Iowa State University,IA,NCAA Division I-FBS,,1,NCAA,16457,12334,28791,561453,5,623837,4.50,173337,9,183533,8.50,,,,
2011,153621,Iowa Wesleyan University,IA,NCAA Division III with football,,1,NCAA,237,242,479,20429,7,30820,4.64,13655,7,30441,3.14,,,,
2011,153825,Loras College,IA,NCAA Division III with football,,1,NCAA,731,669,1400,41094,9,71815,5.15,25187,8,51666,3.90,,,,
2011,153834,Luther College,IA,NCAA Division III with football,,1,NCAA,943,1164,2107,35598,10,77556,4.59,27553,9,67753,3.66,,,,
2011,154004,Morningside College,IA,NAIA Division II,,2,NAIA,596,697,1293,41754,9,57813,6.50,32911,8,47871,5.50,,,,
2011,154013,Mount Mercy University,IA,NAIA Division I,,2,NAIA,346,700,1046,18574,7,37686,3.45,13743,7,32611,2.95,,,,
2011,154101,Northwestern College,IA,NAIA Division II,,2,NAIA,455,586,1041,24791,7,43602,3.98,20731,7,44928,3.23,,,,
2011,154235,Saint Ambrose University,IA,NAIA Division II,,2,NAIA,950,1237,2187,21479,10,41707,5.15,20271,9,33171,5.50,,,,
2011,154350,Simpson College,IA,NCAA Division III with football,,1,NCAA,605,774,1379,29037,10,60494,4.80,25049,9,62449,3.61,,,,
2011,153278,University of Dubuque,IA,NCAA Division III with football,,1,NCAA,1035,644,1679,48923,8,52185,7.50,37756,7,44049,6.00,,,,
2011,153658,University of Iowa,IA,NCAA Division I-FBS,,1,NCAA,9801,10889,20690,662168,10,779021,8.50,167721,12,191681,10.50,,,,
2011,154095,University of Northern Iowa,IA,NCAA Division I-FCS,,1,NCAA,3856,5263,9119,187984,5,248656,3.78,63956,8,76480,6.69,,,,
2011,154493,Upper Iowa University,IA,NCAA Division II with football,,1,NCAA,878,1346,2224,50977,6,61172,5.00,36769,6,44123,5.00,,,,
2011,154518,Waldorf University,IA,NAIA Division II,,2,NAIA,867,546,1413,33012,8,37728,7.00,33665,8,44887,6.00,,,,
2011,154527,Wartburg College,IA,NCAA Division III with football,,1,NCAA,686,747,1433,30379,9,63290,4.32,24552,8,51962,3.78,,,,
2011,154590,William Penn University,IA,NAIA Division I,,2,NAIA,613,498,1111,32779,10,56516,5.80,21840,9,39312,5.00,,,,
2012,152992,Briar Cliff University,IA,NAIA Division II,,2,NAIA,412,376,788,34938,7,47860,5.11,31829,6,46466,4.11,,,,
2012,153001,Buena Vista University,IA,NCAA Division III with football,,1,NCAA,544,979,1523,38665,8,56240,5.50,33866,7,52680,4.50,,,,
2012,153108,Central College,IA,NCAA Division III with football,,1,NCAA,573,603,1176,36478,10,75524,4.83,28284,9,63959,3.98,,,,
2012,153126,Clarke University,IA,NAIA Division I,,2,NAIA,251,481,732,19196,7,38066,3.53,18924,7,37526,3.53,,,,
2012,153144,Coe College,IA,NCAA Division III with football,,1,NCAA,552,753,1305,23404,11,50979,5.05,17052,10,46718,3.65,,,,
2012,153162,Cornell College,IA,NCAA Division III with football,,1,NCAA,489,484,973,40634,7,47406,6.00,36438,6,43726,5.00,,,,
2012,153250,Dordt College,IA,NAIA Division II,,2,NAIA,721,646,1367,22148,7,62014,2.50,24670,7,62796,2.75,,,,
2012,153269,Drake University,IA,NCAA Division I-FCS,,1,NCAA,1313,1778,3091,96898,6,105707,5.50,58556,8,62460,7.50,,,,
2012,153302,Emmaus Bible College,IA,Other,ACCA and MCCC,9,other,99,131,230,2750,2,30556,0.18,2750,2,30556,0.18,,,,
2012,153320,Faith Baptist Bible College and Theological Seminary,IA,NCCAA Division II,,4,NCCAA,88,106,194,2865,3,17906,0.48,3023,4,25192,0.48,,,,
2012,153366,Graceland University-Lamoni,IA,NAIA Division II,,2,NAIA,514,652,1166,17203,10,44683,3.85,14492,9,45764,2.85,,,,
2012,153375,Grand View University,IA,NAIA Division II,,2,NAIA,746,897,1643,37188,10,53126,7.00,28239,8,43031,5.25,,,,
2012,153384,Grinnell College,IA,NCAA Division III with football,,1,NCAA,743,910,1653,26241,10,88652,2.96,23761,10,80274,2.96,,,,
2012,153603,Iowa State University,IA,NCAA Division I-FBS,,1,NCAA,16457,12334,28791,791211,5,879123,4.50,186663,9,197643,8.50,,,,
2012,153621,Iowa Wesleyan University,IA,NCAA Division III with football,,1,NCAA,237,242,479,23720,6,34712,4.10,14040,6,31433,2.68,,,,
2012,153825,Loras College,IA,NCAA Division III with football,,1,NCAA,731,669,1400,39142,9,68404,5.15,28211,9,51816,4.90,,,,
2012,153834,Luther College,IA,NCAA Division III with football,,1,NCAA,943,1164,2107,28955,10,62002,4.67,24203,9,59353,3.67,,,,
2012,154004,Morningside College,IA,NAIA Division II,,2,NAIA,596,697,1293,37679,9,52171,6.50,33658,8,48957,5.50,,,,
2012,154013,Mount Mercy University,IA,NAIA Division I,,2,NAIA,346,700,1046,14596,8,39582,2.95,10551,9,38759,2.45,,,,
2012,154101,Northwestern College,IA,NAIA Division II,,2,NAIA,455,586,1041,26170,7,49645,3.69,18778,7,42539,3.09,,,,
2012,154235,Saint Ambrose University,IA,NAIA Division II,,2,NAIA,950,1237,2187,22388,10,43472,5.15,21646,9,35421,5.50,,,,
2012,154350,Simpson College,IA,NCAA Division III with football,,1,NCAA,605,774,1379,24246,10,50724,4.78,19946,9,49453,3.63,,,,
2012,153278,University of Dubuque,IA,NCAA Division III with football,,1,NCAA,1035,644,1679,46600,9,49341,8.50,30000,8,32000,7.50,,,,
2012,153658,University of Iowa,IA,NCAA Division I-FBS,,1,NCAA,9801,10889,20690,662725,10,779676,8.50,174041,12,198904,10.50,,,,
2012,154095,University of Northern Iowa,IA,NCAA Division I-FCS,,1,NCAA,3856,5263,9119,199713,5,264171,3.78,66824,8,79909,6.69,,,,
2012,154493,Upper Iowa University,IA,NCAA Division II with football,,1,NCAA,878,1346,2224,62102,6,67748,5.50,47730,6,52069,5.50,,,,
2012,154518,Waldorf University,IA,NAIA Division II,,2,NAIA,867,546,1413,33012,8,37728,7.00,33665,7,39276,6.00,,,,
2012,154527,Wartburg College,IA,NCAA Division III with football,,1,NCAA,686,747,1433,32600,9,64201,4.57,26002,8,52529,3.96,,,,
2012,154590,William Penn University,IA,NAIA Division I,,2,NAIA,613,498,1111,34753,10,51486,6.75,26707,9,43702,5.50,,,,
2013,152992,Briar Cliff University,IA,NAIA Division II,,2,NAIA,412,376,788,30601,7,48683,4.40,28038,6,46730,3.60,,,,
2013,153001,Buena Vista University,IA,NCAA Division III with football,,1,NCAA,544,979,1523,34268,8,49844,5.50,27130,7,42202,4.50,,,,
2013,153108,Central College,IA,NCAA Division III with football,,1,NCAA,573,603,1176,30259,10,63171,4.79,23454,9,50620,4.17,,,,
2013,153126,Clarke University,IA,NAIA Division I,,2,NAIA,251,481,732,29644,7,39525,5.25,30613,7,40817,5.25,,,,
2013,153144,Coe College,IA,NCAA Division III with football,,1,NCAA,552,753,1305,29828,11,53788,6.10,17145,10,43962,3.90,,,,
2013,153162,Cornell College,IA,NCAA Division III with football,,1,NCAA,489,484,973,31794,9,40878,7.00,28343,8,37791,6.00,,,,
2013,153250,Dordt College,IA,NAIA Division II,,2,NAIA,721,646,1367,24086,7,64847,2.60,25230,7,65411,2.70,,,,
2013,153269,Drake University,IA,NCAA Division I-FCS,,1,NCAA,1313,1778,3091,109988,6,119987,5.50,61428,8,65523,7.50,,,,
2013,153302,Emmaus Bible College,IA,Other,ACCA and MCCC,9,other,99,131,230,4500,2,24324,0.37,2750,2,25000,0.22,,,,
2013,153320,Faith Baptist Bible College and Theological Seminary,IA,NCCAA Division II,,4,NCCAA,88,106,194,2145,4,17875,0.48,2416,5,25167,0.48,,,,
2013,153366,Graceland University-Lamoni,IA,NAIA Division II,,2,NAIA,514,652,1166,19822,12,50077,4.75,17977,10,55314,3.25,,,,
2013,153375,Grand View University,IA,NAIA Division II,,2,NAIA,746,897,1643,39900,10,56596,7.05,29305,8,44234,5.30,,,,
2013,153384,Grinnell College,IA,NCAA Division III with football,,1,NCAA,743,910,1653,26939,10,91010,2.96,24284,10,69983,3.47,,,,
2013,153603,Iowa State University,IA,NCAA Division I-FBS,,1,NCAA,16457,12334,28791,836864,5,929849,4.50,200462,9,212254,8.50,,,,
2013,153621,Iowa Wesleyan University,IA,NCAA Division III with football,,1,NCAA,237,242,479,23656,6,34619,4.10,14676,6,32857,2.68,,,,
2013,153825,Loras College,IA,NCAA Division III with football,,1,NCAA,731,669,1400,29189,10,55598,5.25,21615,10,38257,5.65,,,,
2013,153834,Luther College,IA,NCAA Division III with football,,1,NCAA,943,1164,2107,29888,10,64000,4.67,20791,9,50986,3.67,,,,
2013,154004,Morningside College,IA,NAIA Division II,,2,NAIA,596,697,1293,37029,10,52899,7.00,32257,9,48386,6.00,,,,
2013,154013,Mount Mercy University,IA,NAIA Division I,,2,NAIA,346,700,1046,16019,8,43441,2.95,15552,9,37829,3.70,,,,
2013,154101,Northwestern College,IA,NAIA Division II,,2,NAIA,455,586,1041,26850,7,47105,3.99,17482,7,40387,3.03,,,,
2013,154235,Saint Ambrose University,IA,NAIA Division II,,2,NAIA,950,1237,2187,19500,11,41650,5.15,17353,9,34706,4.50,,,,
2013,154350,Simpson College,IA,NCAA Division III with football,,1,NCAA,605,774,1379,23434,10,50288,4.66,19820,9,52775,3.38,,,,
2013,153278,University of Dubuque,IA,NCAA Division III with football,,1,NCAA,1035,644,1679,50323,9,56613,8.00,43787,8,50042,7.00,,,,
2013,153658,University of Iowa,IA,NCAA Division I-FBS,,1,NCAA,9801,10889,20690,709036,10,834160,8.50,212087,12,242385,10.50,,,,
2013,154095,University of Northern Iowa,IA,NCAA Division I-FCS,,1,NCAA,3856,5263,9119,209394,5,276976,3.78,64673,9,73492,7.92,,,,
2013,154493,Upper Iowa University,IA,NCAA Division II with football,,1,NCAA,878,1346,2224,59751,6,65183,5.50,44202,7,51569,6.00,,,,
2013,154518,Waldorf University,IA,NAIA Division II,,2,NAIA,867,546,1413,27923,8,31912,7.00,31751,7,37043,6.00,,,,
2013,154527,Wartburg College,IA,NCAA Division III with football,,1,NCAA,686,747,1433,26257,10,51484,5.10,23620,9,53682,3.96,,,,
2013,154590,William Penn University,IA,NAIA Division I,,2,NAIA,613,498,1111,39211,10,58090,6.75,22185,9,36303,5.50,,,,
2014,152992,Briar Cliff University,IA,NAIA Division II,,2,NAIA,412,376,788,30445,7,48435,4.40,28843,6,48072,3.60,,,,
2014,153001,Buena Vista University,IA,NCAA Division III with football,,1,NCAA,544,979,1523,31115,8,45258,5.50,22828,7,35510,4.50,,,,
2014,153108,Central College,IA,NCAA Division III with football,,1,NCAA,573,603,1176,30062,10,64235,4.68,24185,9,52449,4.15,,,,
2014,153126,Clarke University,IA,NAIA Division I,,2,NAIA,251,481,732,29216,7,38955,5.25,29768,7,39691,5.25,,,,
2014,153144,Coe College,IA,NCAA Division III with football,,1,NCAA,552,753,1305,31538,11,55066,6.30,22222,10,41152,5.40,,,,
2014,153162,Cornell College,IA,NCAA Division III with football,,1,NCAA,489,484,973,41018,8,46878,7.00,37535,7,43791,6.00,,,,
2014,153250,Dordt College,IA,NAIA Division II,,2,NAIA,721,646,1367,23363,7,46726,3.50,26658,7,46652,4.00,,,,
2014,153269,Drake University,IA,NCAA Division I-FCS,,1,NCAA,1313,1778,3091,111430,6,121560,5.50,62719,8,66900,7.50,,,,
2014,153302,Emmaus Bible College,IA,Other,ACCA and MCCC,9,other,99,131,230,3750,2,25000,0.30,3750,2,25000,0.30,,,,
2014,153320,Faith Baptist Bible College and Theological Seminary,IA,NCCAA Division II,,4,NCCAA,88,106,194,2902,3,15829,0.55,3203,4,23295,0.55,,,,
2014,153366,Graceland University-Lamoni,IA,NAIA Division II,,2,NAIA,514,652,1166,18146,12,42696,5.10,16545,10,49388,3.35,,,,
2014,153375,Grand View University,IA,NAIA Division II,,2,NAIA,746,897,1643,39475,10,55993,7.05,33081,8,49934,5.30,,,,
2014,153384,Grinnell College,IA,NCAA Division III with football,,1,NCAA,743,910,1653,28989,10,97936,2.96,24839,10,71582,3.47,,,,
2014,153603,Iowa State University,IA,NCAA Division I-FBS,,1,NCAA,16457,12334,28791,942608,5,1047342,4.50,216322,9,229047,8.50,,,,
2014,153621,Iowa Wesleyan University,IA,NCAA Division III with football,,1,NCAA,237,242,479,28000,5,34146,4.10,19657,5,32762,3.00,,,,
2014,153825,Loras College,IA,NCAA Division III with football,,1,NCAA,731,669,1400,27098,12,55302,5.88,19156,11,38104,5.53,,,,
2014,153834,Luther College,IA,NCAA Division III with football,,1,NCAA,943,1164,2107,29159,10,58318,5.00,20965,9,48756,3.87,,,,
2014,154004,Morningside College,IA,NAIA Division II,,2,NAIA,596,697,1293,39009,11,53637,8.00,34165,9,51248,6.00,,,,
2014,154013,Mount Mercy University,IA,NAIA Division I,,2,NAIA,346,700,1046,15851,8,42986,2.95,14883,9,36202,3.70,,,,
2014,154101,Northwestern College,IA,NAIA Division II,,2,NAIA,455,586,1041,28599,7,48947,4.09,18795,7,43565,3.02,,,,
2014,154235,Saint Ambrose University,IA,NAIA Division II,,2,NAIA,950,1237,2187,20624,11,44051,5.15,17450,9,34900,4.50,,,,
2014,154350,Simpson College,IA,NCAA Division III with football,,1,NCAA,605,774,1379,23902,11,51553,5.10,20216,10,53200,3.80,,,,
2014,153278,University of Dubuque,IA,NCAA Division III with football,,1,NCAA,1035,644,1679,38709,11,46032,9.25,28048,10,37397,7.50,,,,
2014,153658,University of Iowa,IA,NCAA Division I-FBS,,1,NCAA,9801,10889,20690,750180,10,882565,8.50,214783,12,245466,10.50,,,,
2014,154095,University of Northern Iowa,IA,NCAA Division I-FCS,,1,NCAA,3856,5263,9119,265123,5,350692,3.78,64303,9,73072,7.92,,,,
2014,154493,Upper Iowa University,IA,NCAA Division II with football,,1,NCAA,878,1346,2224,57942,6,65226,5.33,43825,7,48464,6.33,,,,
2014,154518,Waldorf University,IA,NAIA Division II,,2,NAIA,867,546,1413,29199,8,33370,7.00,26910,8,30754,7.00,,,,
2014,154527,Wartburg College,IA,NCAA Division III with football,,1,NCAA,686,747,1433,27700,10,63242,4.38,26186,10,52582,4.98,,,,
2014,154590,William Penn University,IA,NAIA Division I,,2,NAIA,613,498,1111,38855,10,55507,7.00,23933,9,37460,5.75,,,,
2015,152992,Briar Cliff University,IA,NAIA Division II,,2,NAIA,412,376,788,28349,9,49066,5.00,24624,7,47880,4.00,,,,
2015,153001,Buena Vista University,IA,NCAA Division III with football,,1,NCAA,544,979,1523,30898,8,44943,6.00,23599,7,36710,5.00,,,,
2015,153108,Central College,IA,NCAA Division III with football,,1,NCAA,573,603,1176,31517,10,75580,4.00,24988,9,63709,4.00,,,,
2015,153126,Clarke University,IA,NAIA Division I,,2,NAIA,251,481,732,26937,9,38789,6.00,27635,9,39794,6.00,,,,
2015,153144,Coe College,IA,NCAA Division III with football,,1,NCAA,552,753,1305,32686,11,57527,6.00,24139,10,42724,6.00,,,,
2015,153162,Cornell College,IA,NCAA Division III with football,,1,NCAA,489,484,973,46328,8,52946,7.00,34241,7,39948,6.00,,,,
2015,153250,Dordt College,IA,NAIA Division II,,2,NAIA,721,646,1367,28632,8,65445,4.00,16507,7,57775,2.00,,,,
2015,153269,Drake University,IA,NCAA Division I-FCS,,1,NCAA,1313,1778,3091,112433,6,122654,6.00,63874,8,68132,8.00,,,,
2015,153302,Emmaus Bible College,IA,Other,ACCA and MCCC,9,other,99,131,230,3750,2,28846,0.00,4500,2,34615,0.00,,,,
2015,153320,Faith Baptist Bible College and Theological Seminary,IA,NCCAA Division II,,4,NCCAA,88,106,194,2883,4,20967,1.00,3003,5,27300,1.00,,,,
2015,153366,Graceland University-Lamoni,IA,NAIA Division II,,2,NAIA,514,652,1166,21381,12,43858,6.00,18090,10,46987,4.00,,,,
2015,153375,Grand View University,IA,NAIA Division II,,2,NAIA,746,897,1643,41287,10,57744,7.00,34208,8,50679,5.00,,,,
2015,153384,Grinnell College,IA,NCAA Division III with football,,1,NCAA,743,910,1653,31200,10,105405,3.00,27410,10,78991,3.00,,,,
2015,153603,Iowa State University,IA,NCAA Division I-FBS,,1,NCAA,16457,12334,28791,760670,5,845189,5.00,209456,9,221777,9.00,,,,
2015,153621,Iowa Wesleyan University,IA,NCAA Division III with football,,1,NCAA,237,242,479,28800,5,35910,4.00,19824,5,38270,3.00,,,,
2015,153825,Loras College,IA,NCAA Division III with football,,1,NCAA,731,669,1400,26826,12,47340,7.00,18961,11,35653,6.00,,,,
2015,153834,Luther College,IA,NCAA Division III with football,,1,NCAA,943,1164,2107,30940,10,60078,5.00,23386,9,54386,4.00,,,,
2015,154004,Morningside College,IA,NAIA Division II,,2,NAIA,596,697,1293,39715,11,54608,8.00,34044,9,51066,6.00,,,,
2015,154013,Mount Mercy University,IA,NAIA Division I,,2,NAIA,346,700,1046,17316,8,46959,3.00,15043,9,36591,4.00,,,,
2015,154101,Northwestern College,IA,NAIA Division II,,2,NAIA,455,586,1041,31751,7,50628,4.00,21334,7,43923,3.00,,,,
2015,154235,Saint Ambrose University,IA,NAIA Division II,,2,NAIA,950,1237,2187,21274,11,40347,6.00,17106,9,34212,5.00,,,,
2015,154350,Simpson College,IA,NCAA Division III with football,,1,NCAA,605,774,1379,32627,10,68257,5.00,29321,9,75613,3.00,,,,
2015,153278,University of Dubuque,IA,NCAA Division III with football,,1,NCAA,1035,644,1679,50513,11,60070,9.00,36910,10,49213,8.00,,,,
2015,153658,University of Iowa,IA,NCAA Division I-FBS,,1,NCAA,9801,10889,20690,859940,10,1011694,9.00,208304,12,238062,11.00,,,,
2015,154095,University of Northern Iowa,IA,NCAA Division I-FCS,,1,NCAA,3856,5263,9119,266754,5,352849,4.00,63615,9,72290,8.00,,,,
2015,154493,Upper Iowa University,IA,NCAA Division II with football,,1,NCAA,878,1346,2224,51210,6,55865,6.00,39620,9,50940,7.00,,,,
2015,154518,Waldorf University,IA,NAIA Division II,,2,NAIA,867,546,1413,31369,8,35850,7.00,27589,7,32187,6.00,,,,
2015,154527,Wartburg College,IA,NCAA Division III with football,,1,NCAA,686,747,1433,28289,10,63858,4.00,27444,10,54130,5.00,,,,
2015,154590,William Penn University,IA,NAIA Division I,,2,NAIA,613,498,1111,39606,10,56580,7.00,25601,9,40071,6.00,,,,
2016,152992,Briar Cliff University,IA,NAIA Division II,,2,NAIA,412,376,788,29953,9,51842,5.20,25334,7,49261,3.60,15244,1,38110,0.40
2016,153001,Buena Vista University,IA,NCAA Division III with football,,1,NCAA,544,979,1523,33206,8,48300,5.50,28498,7,44330,4.50,,,,
2016,153108,Central College,IA,NCAA Division III with football,,1,NCAA,573,603,1176,30471,10,73424,4.15,25785,9,65741,3.53,,,,
2016,153126,Clarke University,IA,NAIA Division I,,2,NAIA,251,481,732,24186,9,34828,6.25,27962,9,40265,6.25,,,,
2016,153144,Coe College,IA,NCAA Division III with football,,1,NCAA,552,753,1305,32498,11,53355,6.70,25130,10,40532,6.20,,,,
2016,153162,Cornell College,IA,NCAA Division III with football,,1,NCAA,489,484,973,36239,10,51770,7.00,31526,9,47289,6.00,,,,
2016,153250,Dordt College,IA,NAIA Division II,,2,NAIA,721,646,1367,27076,8,61888,3.50,17693,8,56618,2.50,,,,
2016,153269,Drake University,IA,NCAA Division I-FCS,,1,NCAA,1313,1778,3091,120675,6,131645,5.50,64565,8,68869,7.50,,,,
2016,153302,Emmaus Bible College,IA,Other,ACCA and MCCC,9,other,99,131,230,5725,2,42407,0.27,5500,2,37931,0.29,,,,
2016,153320,Faith Baptist Bible College and Theological Seminary,IA,NCCAA Division II,,4,NCCAA,88,106,194,2776,4,18820,0.59,2913,5,17981,0.81,,,,
2016,153366,Graceland University-Lamoni,IA,NAIA Division II,,2,NAIA,514,652,1166,22647,10,44406,5.10,19409,8,50088,3.10,,,,
2016,153375,Grand View University,IA,NAIA Division II,,2,NAIA,746,897,1643,42407,10,58492,7.25,34127,8,49639,5.50,20000,1,40000,0.50
2016,153384,Grinnell College,IA,NCAA Division III with football,,1,NCAA,743,910,1653,37365,10,103792,3.60,34380,10,95500,3.60,,,,
2016,153603,Iowa State University,IA,NCAA Division I-FBS,,1,NCAA,16457,12334,28791,1035190,5,1150211,4.50,248010,9,262599,8.50,,,,
2016,153621,Iowa Wesleyan University,IA,NCAA Division III with football,,1,NCAA,237,242,479,29454,5,35317,4.17,20306,5,40290,2.52,,,,
2016,153825,Loras College,IA,NCAA Division III with football,,1,NCAA,731,669,1400,27355,12,45277,7.25,18559,11,32149,6.35,,,,
2016,153834,Luther College,IA,NCAA Division III with football,,1,NCAA,943,1164,2107,30277,10,55656,5.44,22604,9,41859,4.86,,,,
2016,154004,Morningside College,IA,NAIA Division II,,2,NAIA,596,697,1293,41238,11,56702,8.00,34834,10,49763,7.00,,,,
2016,154013,Mount Mercy University,IA,NAIA Division I,,2,NAIA,346,700,1046,22626,9,45252,4.50,22862,9,41152,5.00,32812,1,32812,1.00
2016,154101,Northwestern College,IA,NAIA Division II,,2,NAIA,455,586,1041,30513,7,49101,4.35,21334,7,43923,3.40,,,,
2016,154235,Saint Ambrose University,IA,NAIA Division II,,2,NAIA,950,1237,2187,21114,11,45991,5.05,17602,9,35204,4.50,,,,
2016,154350,Simpson College,IA,NCAA Division III with football,,1,NCAA,605,774,1379,30342,11,33376,10.00,29468,10,32742,9.00,,,,
2016,153278,University of Dubuque,IA,NCAA Division III with football,,1,NCAA,1035,644,1679,54685,11,80205,7.50,43415,10,66792,6.50,,,,
2016,153658,University of Iowa,IA,NCAA Division I-FBS,,1,NCAA,9801,10889,20690,906861,9,1020219,8.00,195402,11,214942,10.00,,,,
2016,154095,University of Northern Iowa,IA,NCAA Division I-FCS,,1,NCAA,3856,5263,9119,278434,5,368299,3.78,64406,9,73189,7.92,,,,
2016,154493,Upper Iowa University,IA,NCAA Division II with football,,1,NCAA,878,1346,2224,55963,6,61051,5.50,33999,9,38249,8.00,,,,
2016,154518,Waldorf University,IA,NAIA Division II,,2,NAIA,867,546,1413,30764,8,41019,6.00,23668,9,32771,6.50,,,,
2016,154527,Wartburg College,IA,NCAA Division III with football,,1,NCAA,686,747,1433,28682,10,64599,4.44,25935,10,50556,5.13,,,,
2016,154590,William Penn University,IA,NAIA Division I,,2,NAIA,613,498,1111,38156,10,58702,6.50,25369,9,41513,5.50,,,,
